PassengerId,Transported
101,True
201,False
301,False
302,False
401,False
501,False
601,True
602,True
701,False
801,True
802,True
803,True
901,False
1001,False
1101,True
1201,True
1401,False
1501,False
1601,True
1701,True
1702,False
2001,True
2002,True
2003,True
2004,False
2005,True
2006,True
2201,False
2401,True
2501,False
2601,False
2801,False
3001,False
3101,False
3102,True
3103,False
3401,True
3501,False
3601,False
3801,False
3901,True
4101,True
4301,False
4401,True
4402,True
4403,True
4501,False
4502,True
5001,False
5101,False
5201,False
5301,True
5601,True
5602,True
5603,True
5801,True
6101,False
6201,False
6401,True
6402,True
6601,False
6701,True
6702,True
6703,False
6801,False
6901,False
7001,False
7101,True
7201,False
7301,False
7401,True
7601,True
7701,True
7801,False
8101,True
8201,False
8202,True
8203,True
8401,False
8501,True
8601,False
8801,True
9001,True
9101,True
9102,False
9201,True
9202,True
9203,True
9701,False
9801,True
9802,True
9901,False
9902,True
10101,True
10201,False
10301,False
10302,True
10303,True
10501,False
10701,False
10801,True
10802,False
10803,True
11001,False
11002,False
11003,True
11004,True
11101,True
11201,True
11301,True
11401,False
11501,False
11601,True
11901,False
11902,True
12001,True
12201,False
12301,False
12601,True
12701,False
12801,False
12802,False
12901,True
13301,True
13302,False
13401,True
13601,False
13801,True
13802,False
13901,True
14001,True
14002,False
14101,False
14401,True
14601,False
14701,True
14801,False
14901,True
15101,True
15201,False
16001,False
16301,True
16302,True
16401,True
16402,True
16501,True
16701,True
16702,False
16901,True
17001,False
17101,True
17201,True
17301,True
17401,False
17701,False
17801,False
17901,True
17902,True
17903,True
18101,False
18201,True
18301,False
18601,False
18801,True
18901,False
19001,True
19201,True
19202,False
19203,False
19301,True
19302,False
19303,True
19501,False
19601,False
19701,False
19801,True
19901,True
20001,True
20101,True
20102,True
20201,True
20202,True
20301,True
20501,False
20601,True
20701,True
21001,True
21101,False
21102,True
21103,False
21201,False
21202,False
21301,False
21601,False
21701,False
21901,True
22001,True
22002,True
22003,True
22004,False
22005,False
22006,True
22007,True
22101,False
22102,False
22103,False
22104,True
22105,False
22106,False
22107,True
22201,False
22202,True
22203,True
22301,True
22401,False
22501,True
22901,False
23101,False
23201,True
23301,False
23401,False
23701,True
23901,False
24001,True
24101,False
24201,False
24301,True
24401,True
24402,True
24501,True
24502,False
24601,False
24801,False
25001,False
25101,True
25201,False
25301,False
25401,False
25501,True
25701,False
25702,True
25801,False
26001,False
26101,False
26301,True
26501,True
26701,False
26901,True
27001,False
27501,True
27701,True
27801,False
27802,False
28101,True
28201,True
28301,True
28302,False
28501,True
28502,True
28601,False
28701,True
28702,False
28801,False
28901,True
29001,True
29002,True
29003,True
29004,True
29101,True
29401,True
29701,True
29801,True
30101,True
30201,False
30301,True
30401,False
30501,False
30601,False
30701,True
30901,False
31001,False
31301,True
31302,True
31303,False
31304,True
31401,False
31501,True
31601,True
31602,True
32001,False
32002,False
32101,False
32201,True
32401,True
32601,True
32701,True
33001,True
33002,True
33003,False
33101,False
33301,True
33401,False
33601,False
33701,True
33702,False
33703,True
33801,True
34001,True
34101,True
34301,False
34501,True
34601,True
34701,False
34801,True
34802,True
35001,True
35201,False
35501,True
35601,True
35701,False
35801,True
35802,True
35901,False
36001,False
36101,False
36501,False
36801,False
36802,True
36901,False
37001,False
37101,True
37201,False
37301,True
37501,False
37601,True
37701,False
37801,False
37802,True
37803,False
37804,True
37805,True
37806,False
37807,True
37901,False
38001,True
38101,True
38102,True
38201,False
38301,False
38302,True
38401,True
38402,True
38501,False
38701,True
38801,True
38901,False
39101,True
39201,False
39501,False
39502,False
39601,True
39701,True
39801,False
40101,False
40102,False
40201,True
40301,False
40501,False
40701,False
40702,False
40703,True
40801,False
40901,True
41001,False
41101,False
41201,True
41301,False
41501,True
41701,True
41702,False
41703,True
42301,True
42501,False
42502,True
42503,True
42701,True
42801,False
42901,True
42902,True
43001,True
43101,True
43201,False
43301,True
43302,False
43401,True
43501,True
43601,True
43602,False
43701,False
43702,True
43801,True
43901,False
44101,False
44201,True
44401,False
44402,False
44501,False
44502,False
44601,True
44701,True
44801,False
44802,True
44901,True
45201,True
45301,True
45302,True
45303,True
45401,True
45402,True
45403,True
45601,False
45701,True
45702,True
45703,True
45801,True
45901,False
46001,True
46101,True
46102,False
46103,True
46201,True
46301,False
46302,False
46501,False
46502,False
46601,True
46801,True
47001,True
47002,True
47101,False
47102,True
47201,False
47401,True
47501,False
47601,False
47602,True
47603,True
47701,False
48001,False
48101,True
48201,False
48202,False
48501,False
48701,False
48801,True
49001,True
49801,True
49802,True
49901,True
49902,False
50001,True
50101,False
50201,False
50301,True
50302,False
50303,False
50401,True
50402,True
50403,True
50404,False
50405,True
50406,True
50601,True
50701,False
51001,True
51201,True
51202,True
51301,True
51501,True
51601,False
51701,False
51801,True
51901,True
52001,False
52101,False
52201,False
52301,False
52501,True
52701,False
52702,True
52801,False
52901,True
53101,True
53102,True
53301,False
53401,False
53402,False
53701,False
53801,True
53901,True
53902,True
53903,True
53904,True
53905,False
54001,True
54002,False
54201,False
54501,False
54601,False
54701,True
54801,True
54901,False
54902,True
55001,False
55101,False
55201,True
55301,True
55302,True
55501,True
55502,False
55601,True
55901,False
56001,True
56002,True
56003,False
56101,False
56301,False
56401,True
56402,True
56403,False
56501,False
56601,True
56701,True
56801,False
56802,True
56901,True
57001,True
57101,True
57102,True
57103,True
57104,True
57105,True
57106,False
57107,True
57201,False
57301,False
57501,True
57601,True
57701,False
57901,True
57902,False
58001,True
58101,False
58201,True
58301,True
58302,True
58303,True
58501,True
58502,True
58503,False
58601,True
58701,False
58801,True
58901,False
59001,False
59101,True
59301,False
59401,True
59402,False
59601,True
59701,True
59702,True
59801,True
59901,True
59902,True
59903,False
59904,True
60001,True
60201,True
60202,False
60203,True
60301,False
60701,False
60702,False
60703,False
60801,True
60901,False
61001,False
61101,True
61201,True
61401,False
61501,True
61502,True
61503,True
61801,True
61802,False
61901,True
61902,True
62301,True
62801,False
62901,False
63001,True
63101,True
63301,False
63401,False
63501,True
63502,False
63601,False
63602,False
63701,False
63801,True
63901,True
64101,False
64201,True
64202,True
64203,False
64204,True
64205,True
64301,False
64401,True
64501,False
64601,True
64701,True
64702,True
64703,True
65001,True
65301,True
65501,True
65601,False
65701,True
65702,False
65801,False
65901,True
66001,True
66101,False
66301,False
66401,False
66501,True
66502,False
66801,False
66901,False
67101,True
67201,False
67401,True
67701,True
67801,True
67901,False
68001,True
68002,True
68003,True
68201,True
68301,False
68401,False
68402,True
68403,True
68501,False
68601,True
68602,False
68701,False
68801,False
68901,True
69001,True
69101,True
69102,False
69103,True
69301,True
69302,False
69601,False
69701,True
69901,True
69902,False
70101,True
70201,False
70301,True
70401,True
70501,True
70701,True
70901,True
70902,True
70903,True
71001,False
71201,False
71202,True
71301,False
71401,True
71402,True
71403,True
71404,True
71405,True
71406,True
71407,True
71501,True
71801,False
71901,False
72401,False
72601,True
72701,False
72801,False
72901,True
73201,True
73301,False
73401,False
73601,False
73701,False
73801,True
74001,False
74002,True
74003,False
74301,True
74601,True
75001,False
75301,True
75302,False
75303,True
75401,True
75601,True
75602,False
75603,True
75701,False
76101,True
76201,True
76401,False
76501,False
76502,False
76701,False
76801,False
76802,True
76901,True
77001,True
77002,False
77003,False
77004,True
77005,True
77006,True
77101,True
77201,False
77202,True
77203,True
77204,True
77301,False
77601,True
77701,True
77901,False
78101,False
78201,True
78401,True
78501,False
78601,True
78701,True
78801,False
78901,False
78902,False
78903,True
79001,True
79101,True
79301,False
79401,True
79402,True
79501,False
79601,True
79701,False
79801,True
79901,False
80201,True
80501,True
80601,False
80602,True
80801,False
80901,True
80902,False
80903,False
80904,True
81101,False
81102,True
81103,True
81301,True
81501,False
81601,False
81701,True
81801,True
81901,True
82001,True
82002,False
82201,False
82301,True
82302,True
82401,False
82501,True
82601,True
82801,False
82802,False
82901,True
83001,False
83301,True
83401,False
83501,False
83601,False
83901,False
84001,False
84501,False
84601,True
84801,True
84802,True
84901,True
84902,True
85001,True
85101,False
85301,True
85901,True
86001,False
86301,True
86302,False
86303,True
86501,True
86502,True
86701,True
86801,True
86901,False
87001,False
87101,True
87301,False
87401,True
87501,False
87601,True
87701,True
87801,False
87901,False
88101,False
88301,False
88501,True
88502,True
88901,True
88902,True
89001,False
89301,True
89801,True
89901,True
89902,True
90101,True
90201,False
90301,True
90401,False
90501,False
90601,False
90701,False
90702,False
91001,True
91101,False
91102,False
91201,True
91301,False
91501,False
91801,False
91901,False
92101,True
92201,True
92202,False
92301,True
92302,True
92401,True
92501,False
92502,True
92503,True
92601,True
92602,False
92701,False
92801,True
93001,False
93002,True
93101,False
93201,True
93301,True
93302,False
93501,False
93801,False
93802,True
93803,True
93901,True
94001,True
94101,False
94201,False
94401,False
94402,True
94601,False
94701,False
94901,True
95101,True
95201,False
95301,False
95501,False
95601,True
95701,True
96001,False
96101,True
96401,True
96402,True
96501,False
96601,False
96801,False
96901,True
97001,True
97101,True
97201,False
97501,True
97601,True
97801,False
97901,True
98201,True
98202,False
98301,True
98401,False
98402,True
98403,False
98404,True
98405,False
98406,True
98407,True
98408,True
98501,False
98701,False
98801,True
98802,False
98901,True
99001,False
99101,True
99201,True
99202,False
99203,True
99204,False
99205,True
99206,False
99301,False
99401,True
99402,False
99501,True
99701,False
99801,True
100001,False
100101,True
100201,True
100202,False
100203,True
100401,True
100501,False
100601,False
100602,True
100603,True
100801,True
100802,True
101101,False
101102,True
101201,True
101301,True
101401,True
101501,False
101701,False
101801,True
101901,True
102001,True
102201,False
102401,False
102402,True
102403,False
102404,True
102501,False
102601,True
102701,True
102702,False
102703,False
102704,True
102901,True
103001,False
103101,False
103201,True
103301,True
103401,False
103501,True
103601,True
103801,False
104001,False
104101,True
104301,False
104501,True
104502,False
104601,False
104701,True
104801,True
104901,True
104902,True
105101,False
105201,False
105301,False
105401,True
105601,True
105602,True
105701,True
105801,False
106001,False
106201,False
106301,True
106302,True
106501,True
106601,True
106801,True
107101,False
107501,True
107502,True
107601,True
107701,False
107801,True
107901,False
108001,False
108201,False
108301,True
108302,True
108303,False
108401,False
108501,False
108601,True
108602,False
108603,True
108604,False
108605,True
108801,True
108901,True
108902,False
109101,True
109301,False
109401,False
109501,True
109601,False
109701,True
109901,True
110001,False
110002,True
110003,False
110004,False
110201,False
110501,False
110801,False
110802,True
111001,False
111002,True
111201,True
111301,False
111401,False
111402,False
111501,True
111601,False
111602,True
111603,True
111701,False
112101,False
112301,False
112701,True
112901,False
113001,True
113002,True
113201,True
113301,False
113401,True
113601,True
114001,True
114002,True
114003,True
114101,True
114201,False
114401,True
114402,False
114403,False
114601,False
114701,True
114801,True
114802,False
114803,False
114804,True
114805,True
114806,True
114807,False
114901,True
114902,True
114903,True
114904,True
114905,True
115001,False
115201,True
115301,True
115401,True
115402,True
115403,True
115501,False
115502,True
115601,False
115602,True
116101,True
116102,False
116201,True
116301,True
116501,False
116502,False
116503,True
116504,True
116601,False
116701,True
116801,False
116901,False
117001,False
117301,False
117401,True
117501,True
117701,True
117801,False
117901,True
118001,True
118201,True
118202,False
118203,True
118501,False
118601,True
118602,False
118603,True
118604,True
118605,True
118701,False
118702,False
118703,False
118801,False
119001,False
119101,False
119201,False
119301,True
119302,True
119501,True
119701,False
119801,True
119901,False
120301,False
120601,False
120801,False
121001,True
121002,False
121101,True
121102,True
121103,True
121104,True
121105,True
121106,True
121107,True
121201,False
121301,True
121401,True
121501,True
121601,True
121801,False
122001,False
122101,True
122102,False
122201,False
122301,True
122501,True
122801,True
122802,True
122901,True
123001,False
123101,True
123201,True
123202,False
123301,True
123401,True
123501,True
123601,False
123801,True
123802,True
123901,False
124001,False
124201,True
124301,False
124302,False
124601,False
124801,True
125001,False
125401,False
125402,False
125501,True
125502,True
125601,False
125801,False
125901,False
126001,True
126101,False
126301,False
126401,False
126701,True
126901,False
127101,True
127301,False
127401,False
127801,True
127901,True
128001,True
128101,True
128201,True
128301,False
128401,True
128501,False
128601,True
128701,True
128702,True
128703,False
128801,False
128901,False
128902,False
129101,False
129201,True
129202,False
129301,False
129401,True
129402,True
129403,False
129501,False
129901,True
130001,False
130201,True
130401,True
130402,True
130403,True
130404,False
130405,True
130406,True
130601,True
130602,True
130701,True
130801,True
130802,False
130803,False
130804,True
130901,False
131001,False
131101,True
131102,False
131103,False
131201,True
131601,True
131602,False
131701,False
132201,True
132301,True
132401,True
132402,True
132403,True
132501,True
132502,False
132503,True
132601,False
132602,False
132801,True
133001,False
133002,True
133101,True
133201,False
133301,False
133501,True
133601,True
133701,False
134001,True
134201,False
134501,False
134701,True
134801,False
134802,True
135001,True
135002,False
135003,False
135004,True
135101,False
135201,False
135301,True
135302,False
135303,True
135304,True
135501,True
135601,False
135701,True
136001,True
136201,True
136501,False
136502,True
136601,True
136801,True
137001,False
137101,False
137501,True
137502,True
137601,True
137701,True
137801,False
137802,False
137901,False
138001,False
138101,True
138201,True
138301,True
138401,False
138402,True
138403,False
138404,False
138405,False
138501,False
138601,True
138701,False
138901,True
139001,True
139101,True
139102,False
139103,False
139301,False
139302,False
139501,True
139701,False
139801,True
139901,False
140001,True
140101,False
140201,True
140202,True
140301,False
140401,False
140402,False
140601,True
140701,False
140702,False
140801,True
141001,False
141201,False
141301,True
141401,False
141501,True
141601,True
141701,False
141901,False
142001,True
142101,False
142102,False
142301,True
142302,True
142303,True
142401,True
142402,False
142403,True
142404,True
142405,True
142501,False
142502,True
142503,True
142601,True
142701,True
142702,False
142801,False
143001,False
143101,False
143301,True
143401,False
143402,True
143403,True
143501,False
143801,False
143901,False
143902,False
144001,False
144201,True
144301,True
144401,False
144501,True
144701,False
145001,True
145002,False
145101,False
145102,True
145201,False
145202,True
145203,False
145204,False
145205,True
145301,False
145302,True
145401,False
145501,True
145502,True
145503,True
145504,True
145505,False
145701,False
145801,False
146001,True
146002,True
146101,True
146201,True
146301,False
146501,False
146701,False
147401,True
147801,False
147802,False
147901,True
148101,False
148401,True
148501,True
148801,True
148901,False
149001,False
149101,False
149102,False
149103,True
149301,False
149801,False
149901,False
150001,False
150002,True
150003,True
150004,True
150005,False
150006,True
150007,True
150101,False
150301,False
150302,False
150601,True
150701,True
150702,False
150703,False
150704,False
150901,False
151001,False
151101,False
151102,True
151103,False
151104,False
151501,False
152001,True
152101,True
152301,True
152302,True
152401,True
152501,False
152601,False
152701,True
152702,True
152801,False
152901,True
152902,True
153101,False
153201,False
153301,False
153601,True
153901,True
154001,False
154002,True
154003,False
154101,False
154201,False
154301,True
154401,False
154501,False
154701,False
154801,True
154802,True
155001,False
155002,False
155101,True
155201,True
155501,False
155801,False
156001,False
156101,False
156201,False
156401,True
156501,False
156701,True
156801,False
156802,True
156901,True
157201,False
157202,False
157301,False
157601,False
157701,True
157801,False
157901,True
158001,False
158002,False
158101,True
158102,True
158401,False
158402,True
158501,True
158801,True
158802,True
159001,True
159002,False
159201,True
159202,True
159301,False
159401,False
159501,True
159601,True
159701,True
159901,True
159902,True
160101,False
160201,False
160301,False
160302,True
160303,True
160401,False
160601,False
160801,False
161101,True
161201,True
161202,True
161301,False
161401,False
161501,False
161502,True
161503,True
161701,False
161901,True
162101,False
162102,False
162201,True
162401,True
162402,False
162403,True
162501,True
162502,False
162601,False
162801,True
163001,True
163002,True
163003,False
163101,False
163201,True
163301,True
163302,True
163401,True
163501,False
163601,False
163701,True
163801,False
164001,False
164401,False
164501,True
164601,True
164701,False
164901,True
165001,True
165101,True
165102,True
165103,True
165301,False
165501,False
165502,True
165601,False
165701,False
165801,False
165901,False
166001,False
166101,True
166102,False
166103,True
166104,False
166201,False
166301,True
166601,True
166801,False
166901,False
166902,True
166903,False
167001,False
167002,True
167101,False
167201,False
167301,False
167401,True
167601,True
167701,False
168101,False
168201,True
168501,False
168502,True
168503,True
168701,False
168801,False
168802,False
168803,True
169001,False
169101,False
169401,True
169501,False
169601,False
169701,False
169801,True
169901,True
170001,True
170002,False
170401,False
170402,True
170501,False
170801,False
170901,False
170902,False
170903,False
170904,False
170905,True
170906,False
170907,False
171001,True
171101,False
171201,True
171202,False
171301,True
171401,True
171501,True
171701,False
171702,False
171801,True
171901,True
172101,False
172301,False
172401,True
172501,False
172701,True
172702,False
172801,False
172901,False
173001,False
173101,True
173102,True
173301,False
173401,True
173601,True
173801,False
173802,True
173901,True
174001,False
174201,False
174501,False
174601,True
174701,True
174801,False
174802,True
174803,True
174901,True
175201,False
175301,True
175501,True
175701,False
175801,False
176001,False
176101,False
176201,False
176202,False
176301,True
176401,True
176402,False
176601,False
176701,True
176702,False
176703,True
176704,True
176801,False
176901,True
177001,True
177101,False
177201,False
177401,True
177501,True
177601,True
177801,True
177901,False
178101,True
178201,True
178202,False
178301,False
178302,True
178501,True
178601,False
179201,False
179601,True
179701,True
179801,False
179901,False
180001,True
180002,True
180003,True
180004,True
180005,True
180201,False
180301,False
180401,True
180501,True
180601,False
180701,False
180801,False
181001,False
181101,True
181102,False
181201,True
181301,False
181601,False
181602,True
181701,False
181801,True
182101,False
182201,True
182301,False
182601,False
182701,False
182801,False
182901,True
182902,True
182903,True
182904,True
182905,True
182906,False
183101,True
183301,False
183401,True
183601,False
184101,False
184301,False
184401,False
184402,True
184403,True
184601,False
184701,False
184801,False
184901,False
185001,False
185002,False
185301,True
185401,True
185501,True
185502,True
185601,True
185701,False
185901,True
186001,False
186002,True
186101,True
186102,False
186301,True
186401,False
186501,True
186502,True
186503,False
186504,False
186505,False
186506,True
186601,False
186801,True
187101,True
187201,True
187301,True
187401,True
187402,False
187701,False
187801,False
187901,False
188001,False
188101,False
188201,True
188202,True
188401,True
188601,False
188701,True
188801,False
188901,False
188902,True
189001,True
189101,True
189201,False
189202,False
189203,False
189701,False
189702,False
189801,True
189901,False
190101,True
190102,True
190201,False
190301,True
190501,False
190601,True
190701,False
190801,False
191101,False
191501,False
191601,True
191602,False
191801,False
191802,True
191803,True
192001,False
192201,True
192301,True
192302,True
192501,True
192601,True
192701,False
192801,False
193101,True
193301,False
193501,True
193701,True
193801,True
193901,False
193902,False
194001,True
194101,False
194201,False
194501,True
194601,False
194701,False
195001,False
195201,False
195301,False
195601,False
195602,False
195701,True
195901,True
195902,False
195903,True
196001,True
196002,True
196101,False
196201,False
196202,True
196203,True
196301,False
196401,False
196701,True
196801,True
196901,True
197101,False
197301,True
197401,False
197501,False
197601,True
197602,True
197603,True
197604,False
197605,True
197606,True
197607,True
197701,True
197801,True
197901,False
198001,True
198002,False
198003,True
198101,False
198301,False
198401,True
198501,True
198801,True
199101,False
199102,False
199201,True
199301,False
199401,False
199501,False
199601,False
199701,True
199901,False
200001,True
200101,False
200301,False
200601,False
200602,True
200603,True
200701,True
200901,True
200902,True
200903,True
201001,True
201101,True
201201,False
201301,False
201501,False
201901,True
201902,False
202201,True
202401,True
202402,True
202601,True
202602,True
202603,False
202701,True
202801,False
202901,True
203201,True
203401,False
203801,False
204001,True
204002,True
204101,True
204201,False
204301,True
204401,True
204501,True
204601,True
205101,True
205201,True
205301,False
205401,False
205501,False
205502,False
205503,True
205504,True
205505,True
205506,True
205601,True
205602,False
205603,False
205604,True
205901,False
206001,False
206101,True
206201,False
206301,True
206501,False
206601,True
206701,True
206702,False
207001,False
207101,False
207102,True
207301,False
207401,False
207402,True
207501,False
208001,False
208101,True
208201,False
208301,False
208401,False
208402,True
208501,False
208601,True
208602,True
208701,True
208801,True
208802,False
208901,False
209001,True
209101,False
209201,True
209202,False
209203,False
209204,False
209205,False
209401,True
209501,False
209601,False
209602,False
209701,True
209901,True
210001,True
210201,False
210401,False
210402,False
210501,True
210601,False
210701,False
211001,True
211101,False
211201,False
211401,True
211501,True
211601,True
211701,False
211801,True
212001,True
212101,True
212301,True
212302,True
212401,False
212501,False
212601,False
212701,False
212801,False
212901,False
213001,False
213101,False
213301,False
213302,True
213401,False
213501,False
213502,False
213601,False
213701,True
213702,True
213703,True
213801,True
213901,True
214001,True
214101,True
214201,True
214301,False
214302,True
214401,True
214501,True
214701,False
214801,False
214901,True
215001,True
215201,False
215301,True
215401,False
215601,False
215801,True
215901,True
216101,True
216201,True
216202,True
216301,False
216401,True
216701,False
216801,True
216802,False
217101,False
217102,False
217201,True
217301,True
217501,True
217701,True
217901,False
218001,False
218201,False
218301,False
218302,False
218601,True
218701,False
218801,False
218901,False
219001,False
219101,True
219301,False
219401,True
219501,False
219601,False
219602,True
219603,True
219604,False
219801,True
220001,False
220101,True
220201,False
220301,False
220401,True
220501,False
220601,False
220701,False
220901,False
221001,True
221101,True
221201,False
221501,True
221502,True
221503,True
221504,True
221901,True
222001,True
222101,True
222301,False
222401,False
222501,True
222801,False
222901,False
223101,False
223201,False
223202,False
223301,False
223401,True
223402,True
223403,False
223404,False
223405,False
223406,True
223407,False
223501,False
223701,False
223702,True
223801,True
223901,False
224101,False
224301,False
225101,False
225102,False
225201,False
225301,False
225401,False
225501,True
225502,True
225601,True
225701,True
225702,True
225801,True
226101,True
226201,False
226301,False
226401,False
226601,False
226701,False
226801,True
226901,True
227001,True
227201,True
227202,True
227203,True
227301,False
227401,True
227402,True
227501,False
227701,True
227801,True
227901,False
228001,False
228101,True
228201,False
228401,False
228701,False
228801,False
228901,True
229101,False
229102,False
229103,False
229501,False
229502,False
229601,True
229801,False
229901,False
230001,False
230002,False
230101,False
230102,False
230103,False
230201,False
230301,False
230501,True
230601,True
230602,True
230603,False
230604,True
230605,True
230606,False
230801,True
230802,False
230803,False
230804,True
230901,True
231001,True
231002,True
231003,False
231004,True
231101,False
231201,True
231301,False
231401,True
231501,True
231601,True
231701,False
231801,False
231901,True
232001,False
232101,True
232501,True
232701,True
232901,True
233201,False
233301,False
233601,True
233602,False
233801,True
233802,False
233901,False
234001,True
234101,True
234501,False
234701,False
234702,True
234703,True
234704,True
234705,True
234706,False
234707,False
234801,False
234901,False
235301,True
235302,False
235601,False
235602,True
235603,True
235701,False
236001,True
236101,True
236102,True
236301,True
236401,False
236501,True
236601,True
236701,False
236801,False
236901,True
237301,False
237401,False
237501,True
237601,False
237701,True
237901,True
238201,False
238401,True
238402,True
238403,True
238404,True
238405,True
238406,False
238407,True
238501,False
238701,False
238901,False
239001,False
239101,False
239201,True
239501,False
239601,False
239602,False
239701,True
239801,True
239901,False
240101,True
240201,True
240301,False
240401,False
240402,True
240403,True
240404,True
240601,True
240901,False
240902,True
241001,True
241101,True
241201,True
241301,True
241401,False
241601,False
241701,False
241901,True
242101,False
242301,True
242401,True
242601,True
242602,True
242701,True
242901,False
243101,False
243201,False
243301,True
243501,False
243601,False
243801,True
243901,False
244101,False
244201,True
244301,False
244401,False
244501,False
244601,True
244901,True
244902,True
244903,True
245101,True
245201,False
245301,True
245401,False
245501,False
245601,True
245701,True
245801,True
246001,True
246101,True
246201,True
246301,False
246601,False
246701,False
247001,False
247002,False
247101,False
247201,False
247401,True
247501,False
247601,False
247701,True
247702,True
247801,True
247901,True
248001,False
248301,False
248601,False
248602,False
248801,False
248901,True
249101,False
249201,True
249601,False
249701,False
249801,False
249901,True
250001,False
250201,False
250301,False
250302,True
250501,False
250502,False
250601,False
250602,True
250603,False
250801,True
250802,True
250901,True
251001,True
251201,False
251202,True
251301,False
251501,False
251502,True
251601,False
251801,True
251802,True
251901,True
252001,False
252101,True
252201,True
252301,True
252401,True
252601,True
252701,True
252801,False
253001,False
253101,True
253201,False
253202,True
253401,False
253402,True
253501,True
253701,False
254001,False
254101,False
254201,False
254401,True
254402,False
254501,True
254601,False
254701,False
254702,False
254801,False
254901,False
254902,True
254903,False
255001,True
255101,False
255201,True
255202,True
255203,True
255301,True
255501,True
255502,True
255701,True
255801,True
255802,False
255803,False
255804,True
255901,False
256001,True
256002,False
256003,True
256101,False
256201,True
256202,False
256401,True
256501,True
256502,False
257101,False
257201,True
257202,True
257301,True
257401,False
257801,False
258001,True
258101,False
258102,False
258201,False
258401,False
258801,True
258901,True
258902,True
258903,False
258904,False
258905,True
259001,False
259002,False
259003,True
259101,False
259102,False
259201,False
259202,False
259301,False
259401,True
259501,True
259502,True
259503,False
259504,True
259601,False
259602,True
259701,True
259702,False
259801,False
259901,True
260101,True
260201,True
260202,True
260203,True
260501,True
260601,False
260602,False
260701,True
260702,True
260703,False
260704,True
260901,True
261601,False
261701,False
261801,True
261901,False
262201,False
262401,False
262501,True
262502,False
262601,False
262701,False
262801,True
262802,False
262901,False
263101,True
263301,False
263401,True
263501,False
263601,False
263801,False
264001,False
264101,True
264201,False
264301,False
264501,True
264502,False
264503,True
264504,False
264505,True
264601,False
264701,False
264801,False
264901,False
265001,True
265101,True
265201,True
265501,True
265701,False
265801,False
265901,False
266001,False
266101,False
266102,True
266201,False
266301,False
266401,True
266601,True
266602,False
266801,False
266802,False
267001,True
267101,False
267201,False
267501,True
267601,True
267701,False
267801,True
267901,True
268201,False
268301,True
268401,False
268501,False
268701,True
268801,False
269001,False
269101,False
269201,False
269301,False
269302,False
269303,False
269304,True
269501,False
269701,False
269801,False
270001,False
270101,True
270201,True
270301,False
270401,False
270601,True
270701,True
270702,True
270801,True
270901,True
270902,True
270903,False
270904,True
271201,True
271301,True
271401,False
271701,False
271801,True
272001,False
272002,False
272003,True
272101,False
272201,True
272301,True
272302,True
272401,True
272402,False
272501,False
272601,True
272701,False
272901,True
273001,True
273002,False
273003,True
273201,True
273202,True
273401,True
273601,False
273701,False
273702,False
273801,False
273901,True
274001,False
274101,False
274301,False
274501,False
274601,False
274701,True
274801,True
275001,False
275101,True
275201,False
275202,True
275203,False
275301,False
275401,False
275501,True
275601,False
275801,True
275901,False
276001,False
276002,True
276003,True
276201,False
276202,False
276301,True
276401,False
276501,False
276801,False
276802,True
276803,True
276901,False
277001,True
277201,False
277301,False
277401,False
277402,True
277403,False
277801,False
277802,True
278001,True
278101,True
278301,True
278302,False
278401,True
278501,True
278601,False
278701,False
278801,True
278901,True
279001,True
279002,False
279003,False
279004,False
279005,True
279201,True
279301,False
279501,True
279502,False
279601,False
279701,False
279801,False
279802,True
279901,False
279902,True
280101,False
280201,True
280501,False
280601,False
280701,False
280702,True
280703,True
280901,True
281001,True
281101,False
281201,False
281301,True
281401,True
281701,False
281801,True
281802,True
281803,True
281901,False
282001,True
282101,True
282201,True
282202,False
282203,True
282204,True
282205,True
282301,True
282401,True
282501,True
282601,False
282602,False
283101,False
283102,False
283201,False
283401,False
283501,False
283701,False
283801,False
283901,True
284001,False
284301,False
284601,True
284701,True
285201,False
285301,True
285401,False
285601,False
285701,False
285801,True
285802,True
285803,True
285901,True
286001,False
286101,True
286201,True
286301,False
286501,False
286502,False
286601,True
286701,True
286702,False
286901,True
287001,False
287101,True
287102,True
287201,True
287301,False
287501,True
287601,False
287701,False
287801,True
288001,True
288101,True
288201,True
288301,True
288401,False
288701,False
288801,False
289001,False
289002,True
289101,True
289201,True
289202,True
289203,True
289204,True
289205,False
289301,False
289401,False
289701,False
289901,False
290001,True
290101,False
290102,False
290201,True
290501,False
290601,False
290701,True
290801,True
290802,False
290901,True
291001,True
291201,True
291301,False
291901,True
291902,True
291903,True
292001,True
292501,False
292502,True
292601,False
292701,True
292801,False
292802,True
292803,True
292901,True
293001,False
293401,True
293501,False
293601,False
293801,True
294001,True
294101,False
294201,False
294301,True
294401,False
294402,True
294403,True
294404,True
294501,True
294801,False
294901,True
295001,False
295301,True
295401,False
295601,False
295801,False
295901,False
296001,False
296101,False
296201,False
296401,False
296501,False
296601,False
296801,True
296901,False
297001,False
297101,True
297201,True
297501,False
297901,True
298201,True
298301,False
298401,False
298601,False
298801,False
299001,True
299201,False
299301,False
299401,False
299501,True
299502,True
299601,False
299801,True
300001,False
300101,False
300102,True
300301,True
300401,True
300402,False
300501,True
300601,False
300901,True
301001,False
301201,False
301301,False
301401,False
301501,True
301801,False
301901,False
302001,False
302101,False
302102,False
302201,False
302202,False
302301,True
302401,True
302501,True
302502,False
302601,True
302701,True
302901,False
302902,True
303001,False
303002,True
303201,False
303202,True
303203,True
303204,False
303301,False
303401,True
303601,False
303801,False
303901,True
304001,False
304201,False
304401,False
304501,True
304701,True
304702,False
304801,True
305001,True
305301,False
305401,False
305501,False
306001,False
306002,False
306003,False
306101,False
306102,False
306201,False
306301,True
306302,True
306303,False
306401,True
306501,True
306601,False
306701,True
306801,False
307001,True
307101,True
307102,False
307301,True
307601,True
307901,False
308001,False
308101,False
308102,True
308201,True
308301,False
308401,True
308501,False
308701,False
308801,True
309001,True
309101,False
309102,True
309201,False
309301,False
309501,False
309601,True
309901,True
310001,True
310002,False
310003,True
310201,True
310301,False
310401,True
310402,True
311001,False
311101,False
311201,True
311301,True
311302,True
311401,False
311601,False
311701,False
311801,True
311901,False
312001,True
312002,False
312101,True
312301,True
312401,True
312402,False
312403,True
312601,True
312602,True
312801,False
313001,False
313101,True
313102,True
313103,True
313201,True
313301,False
313401,True
313601,True
313801,False
314001,False
314201,False
314202,False
314301,True
314501,True
314701,False
314901,False
314902,True
315201,True
315801,False
315901,True
316101,False
316201,True
316202,False
316203,True
316301,False
316302,True
316401,True
316601,True
316801,True
316901,False
317101,True
317201,True
317401,True
317402,True
317501,True
317601,True
317901,False
318001,False
318101,False
318201,True
318401,True
318402,True
318501,False
318801,True
318901,True
318902,False
319101,True
319201,False
319301,True
319501,True
319502,False
319503,True
319504,True
319505,True
319506,True
319601,False
319701,False
320001,False
320101,False
320301,True
320401,False
320402,False
320403,False
320501,True
320601,False
320901,True
321001,False
321002,False
321003,False
321101,False
321102,False
321103,True
321201,False
321301,False
321501,True
321601,True
321602,True
321603,True
321701,False
321801,False
321802,False
321803,True
321901,True
322001,False
322101,False
322301,True
322401,True
322501,True
322502,True
322701,False
322901,True
323001,True
323201,True
323501,False
323601,True
323602,False
323603,False
323701,False
323702,True
323703,False
323801,True
323901,True
324001,False
324101,True
324301,False
324701,False
324801,True
325201,False
325301,False
325401,True
325501,True
325601,True
325801,True
325901,False
326001,False
326201,True
326801,False
326901,True
327001,False
327101,True
327102,True
327201,True
327202,True
327301,True
327401,True
327402,False
327403,False
327501,False
327601,False
327901,True
327902,True
327903,True
327904,True
328001,True
328002,False
328201,True
328202,True
328203,True
328301,False
328302,False
328303,False
328304,False
328401,True
328402,True
328701,True
328702,False
328703,False
328901,True
329201,True
329202,False
329203,True
329204,True
329205,True
329301,False
329401,True
329402,True
329501,False
329601,False
329701,False
329801,True
329901,False
330001,True
330002,False
330101,True
330102,True
330103,True
330104,False
330401,True
330501,True
330502,False
330801,False
330901,True
331001,True
331101,False
331201,False
331301,True
331401,False
331501,False
331701,False
331801,False
331802,True
331803,True
331804,True
331805,True
331901,False
332201,True
332301,True
332302,True
332401,True
332402,True
332501,True
332601,True
332701,False
332801,False
332901,True
333001,False
333101,False
333201,False
333202,True
333203,True
333601,True
333701,True
333702,False
333703,False
333801,True
333901,True
334201,True
334301,True
334801,False
334901,True
335001,True
335201,True
335301,False
335302,True
335303,False
335304,True
335305,True
335306,True
335701,True
335901,True
336001,True
336101,True
336102,True
336103,True
336104,False
336301,False
336302,True
336303,True
336401,False
336501,True
337001,False
337101,False
337201,True
337701,True
338001,False
338101,True
338201,True
338202,True
338301,False
338401,False
338402,False
338403,True
338601,True
338701,True
338901,True
339001,True
339101,True
339102,False
339201,True
339202,True
339203,True
339204,True
339401,True
339501,True
339601,True
339701,False
340101,True
340201,False
340301,False
340401,True
340501,True
340502,False
340503,True
340601,False
340602,False
340801,True
340901,False
341001,True
341201,False
341202,True
341203,True
341301,True
341501,False
341701,True
341801,True
341901,False
342001,True
342101,False
342201,True
342202,True
342301,True
342401,False
342501,False
342601,False
342801,True
342802,True
343001,True
343101,True
343201,False
343301,False
343401,True
343701,False
343702,True
343801,True
343802,True
343901,True
343902,True
343903,True
343904,False
344001,False
344101,False
344201,False
344301,False
344401,True
344402,True
344403,False
344404,True
344501,True
344601,True
344701,False
344901,False
345001,True
345002,True
345301,True
345401,True
345501,True
345601,True
345801,True
345901,True
346101,False
346201,True
346401,False
346402,True
346501,False
346701,False
346801,True
346901,True
347001,True
347002,True
347301,False
347401,True
347402,False
347403,True
347404,True
347501,True
347502,False
347503,True
347601,True
347602,True
347603,True
347604,False
347801,True
348001,False
348301,False
348401,True
348402,True
348501,False
348502,True
348503,True
348601,True
348701,False
348801,True
348802,False
348901,False
348902,True
349001,True
349002,False
349101,False
349201,False
349501,True
349502,True
349503,True
349504,True
349601,True
349602,False
349701,False
349901,False
349902,True
349903,True
349904,True
350101,False
350401,True
350601,True
351101,False
351201,True
351401,False
351501,True
351502,True
351801,True
351901,True
351902,True
351903,True
352001,False
352002,True
352101,True
352102,True
352301,True
352501,True
352701,False
352801,False
353001,True
353101,False
353102,True
353301,False
353401,False
353501,False
353502,True
353601,True
353701,False
353901,False
354001,True
354201,True
354301,True
354302,True
354303,True
354601,False
354701,False
354801,True
355001,True
355002,True
355003,True
355201,False
355202,True
355301,False
355501,False
355601,True
355801,False
355802,True
355901,False
356001,True
356101,True
356102,False
356201,False
356202,False
356301,True
356401,True
356501,True
356601,True
356701,False
356801,False
356901,True
357001,False
357201,False
357301,False
357601,False
357701,False
357801,True
357901,False
358201,False
358401,True
358601,False
358801,False
358802,False
359101,False
359201,True
359202,False
359401,True
359501,True
359601,True
359701,True
359801,False
360001,True
360201,True
360501,True
360601,True
360701,True
360801,True
360802,True
360803,True
360901,False
360902,False
360903,True
360904,True
361001,True
361002,True
361201,True
361301,True
361401,False
361501,True
361502,True
361601,True
361901,False
362001,True
362201,True
362202,False
362401,False
362501,True
362601,True
362801,False
362901,True
363001,False
363101,False
363401,True
363601,False
363901,True
364001,False
364002,True
364101,True
364102,False
364103,True
364201,False
364401,True
364501,True
364502,True
364503,True
364504,True
364505,True
364701,True
364801,False
365001,True
365201,True
365301,False
365401,True
365402,False
365501,False
365801,True
365802,True
366001,False
366201,True
366202,True
366401,True
366501,True
366701,True
366801,True
367101,False
367401,False
367701,False
367801,True
367901,True
368001,False
368002,True
368101,True
368102,False
368201,True
368601,False
368801,True
368802,True
368803,True
369001,False
369101,False
369201,False
369301,True
369901,True
369902,True
369903,True
369904,False
370001,False
370201,True
370301,True
370302,False
370401,False
370501,False
370601,False
370602,True
370701,False
370702,True
370801,True
371001,False
371002,False
371003,True
371101,True
371102,False
371103,True
371301,True
371302,True
371303,True
371401,False
371402,False
371501,True
371502,True
371503,True
371504,True
371601,True
371901,False
371902,True
372401,True
372601,True
372801,True
372901,True
373201,True
373202,False
373203,True
373204,False
373301,False
373401,True
373501,True
373502,False
373601,True
373701,False
373702,True
373901,False
374101,True
374201,True
374202,True
374301,False
374401,True
374501,False
374701,True
374702,True
374703,False
374704,True
374801,True
374901,True
374902,True
375001,False
375002,False
375101,False
375201,False
375301,False
375401,True
375501,True
375502,True
375601,True
375701,True
375801,False
375802,True
375901,True
376001,True
376101,True
376501,True
376701,False
376801,True
376901,False
377001,True
377101,False
377201,True
377202,True
377301,True
377302,True
377303,False
377401,False
377402,True
377403,False
377501,True
377502,True
377601,True
377701,True
377801,False
377901,True
378101,False
378301,False
378401,False
378501,True
378601,False
378602,False
378701,True
378702,True
378703,True
378801,False
378901,True
379001,True
379301,True
379501,True
379601,True
379701,True
379801,True
380101,False
380301,False
380401,False
380501,False
380701,True
381001,False
381101,True
381102,False
381201,False
381401,True
381501,False
381601,False
381701,False
381801,False
382001,True
382101,False
382201,False
382301,False
382401,False
382601,False
383001,False
383101,False
383201,False
383501,False
383601,False
383801,False
383901,False
384101,False
384201,False
384601,True
384701,False
384801,False
384901,False
385001,False
385002,True
385003,True
385004,True
385005,True
385006,False
385007,True
385101,False
385201,True
385301,True
385401,True
385601,False
385701,True
386201,True
386202,False
386203,True
386204,False
386205,True
386206,False
386207,False
386401,True
386601,False
386701,True
386801,False
386802,False
386803,False
386804,True
386805,False
386806,True
386807,True
387001,True
387101,True
387201,True
387301,False
387401,False
387402,True
387501,False
387901,False
388301,True
388302,False
388303,True
388601,True
388801,True
389001,True
389401,False
389501,True
389502,False
389503,True
389601,True
389701,True
389801,True
389901,True
390301,True
390302,True
390303,True
390304,True
390305,False
390306,True
390401,False
390701,True
390901,True
391101,False
391102,True
391103,True
391201,False
391301,False
391302,False
391501,True
391601,False
391602,True
391701,False
391901,False
392101,True
392201,True
392301,False
392302,True
392303,True
392401,False
392601,False
392701,False
392702,False
392801,False
392802,True
393001,False
393101,False
393201,True
393202,True
393301,True
393501,True
393601,False
393701,True
393801,True
393802,True
393803,True
393901,False
394001,False
394101,True
394201,True
394401,False
394501,True
394601,False
394801,False
394901,False
395001,True
395201,False
395401,True
395501,True
395801,False
395901,False
395902,False
395903,True
396001,False
396101,True
396201,True
396202,False
396301,True
396401,True
396601,False
396602,True
396603,True
396701,False
396801,True
397001,False
397101,False
397301,True
397401,False
397402,True
397601,True
397701,True
398001,True
398101,False
398401,True
398501,False
398601,False
398602,False
398701,True
398801,False
399101,False
399201,False
399401,True
399501,True
399502,False
399503,False
399504,False
399505,True
399506,True
399601,True
399701,False
399801,True
399901,True
400001,True
400002,False
400003,True
400101,True
400102,True
400103,True
400104,True
400105,True
400106,True
400107,True
400201,True
400301,False
400501,False
400502,True
400503,True
400504,True
400505,True
400506,True
400507,True
400508,True
400601,True
400602,True
400603,False
400604,False
400605,False
400801,True
400901,False
401001,True
401301,False
401401,False
401402,False
401601,False
401701,False
401702,True
401703,True
401704,True
401705,False
401801,False
401901,False
402001,False
402101,False
402201,False
402301,False
402601,True
402701,True
403001,True
403002,True
403003,True
403004,True
403005,False
403101,True
403102,True
403201,True
403301,True
403401,True
403501,True
403601,False
403701,True
403801,True
403901,False
404001,True
404201,True
404202,True
404203,True
404301,False
404401,False
404402,True
404403,True
404501,False
404601,True
404701,True
404901,True
405001,False
405301,True
405501,False
405801,False
406001,False
406101,False
406102,True
406103,True
406301,True
406401,True
406501,False
406601,False
406602,True
406801,False
406901,True
407101,True
407102,True
407201,True
407501,False
407601,False
407801,True
407901,False
408001,False
408101,False
408201,False
408301,True
408401,True
408901,True
409001,True
409101,False
409301,False
409501,False
409601,False
409701,False
409801,True
409901,True
410101,False
410201,True
410301,True
410401,False
410601,True
410701,False
410801,True
410802,True
410901,False
411001,False
411201,True
411301,True
411302,True
411401,True
411501,True
411601,True
412001,True
412501,True
412701,True
412801,False
412802,True
412803,True
412901,True
413001,True
413101,True
413201,True
413401,True
413501,False
413701,False
414001,False
414101,False
414201,True
414301,True
414401,False
414501,False
414701,False
414702,True
414901,False
415001,True
415101,True
415201,False
415401,True
415601,True
415801,False
415901,False
416001,False
416301,True
416501,True
416601,True
416602,True
416701,False
416801,False
416802,False
416901,True
416902,True
417001,True
417101,True
417201,True
417202,False
417203,True
417204,False
417205,False
417206,True
417207,True
417301,False
417401,False
417501,False
417601,True
417602,True
417603,False
417604,False
417605,False
417606,True
417607,False
417701,True
417702,True
417703,False
417801,False
417901,True
417902,True
418101,True
418102,True
418103,True
418104,True
418105,False
418106,True
418201,False
418202,False
418203,False
418301,False
418401,False
418501,True
418601,True
418801,False
418901,False
419101,False
419401,True
419601,True
419701,True
419702,False
419703,False
419901,True
420301,False
420401,True
420402,True
420403,True
420501,False
420601,False
420701,True
420702,True
420801,False
421001,True
421002,True
421101,True
421201,True
421301,False
421401,False
421501,False
421601,True
421602,True
421801,True
421802,True
421901,True
421902,False
421903,False
422001,False
422101,True
422201,False
422202,False
422301,False
422302,False
422501,True
422901,False
423001,False
423101,True
423201,True
423301,False
423701,True
423801,True
423901,False
424001,True
424201,True
424301,False
424401,False
424501,True
424601,False
424901,True
424902,True
424903,True
425101,False
425201,True
425301,False
425401,False
425402,True
425403,False
425501,True
425601,False
425602,True
425603,True
425604,False
425605,False
425606,True
425607,False
425608,False
425701,False
425801,False
425802,False
425803,True
425901,True
426001,True
426101,False
426201,True
426202,False
426401,False
426601,True
426701,True
426702,True
427001,False
427101,True
427201,False
427301,False
427401,True
427801,True
428001,False
428901,True
429101,True
429201,False
429301,True
429401,False
429501,True
429502,True
429601,True
429701,False
430001,True
430101,True
430201,True
430301,True
430302,False
430501,False
430502,True
430503,True
430601,False
430901,True
430902,True
431101,False
431201,False
431501,False
431502,False
431601,False
431701,True
431801,True
431901,False
432001,False
432401,True
432402,True
432403,False
432404,True
432701,True
432901,False
433001,False
433201,True
433301,False
433401,True
433501,True
433601,True
433602,True
433603,False
433604,True
433701,True
433801,True
433802,False
433803,True
433901,False
434001,True
434301,True
434401,True
434501,False
434601,False
434701,False
434801,True
434901,False
435001,True
435002,False
435101,False
435201,True
435202,True
435401,False
435601,True
435701,False
435801,False
435901,True
435902,True
435903,False
436001,True
436101,False
436201,False
436401,True
436501,False
436601,True
436701,True
436801,True
436901,False
437001,False
437101,True
437102,False
437103,True
437104,True
437105,True
437201,True
437202,False
437301,False
437601,False
438201,False
438301,True
438601,True
438602,True
438701,False
438801,True
439001,True
439002,True
439003,False
439101,False
439201,False
439301,True
439302,False
439501,False
439601,False
439701,True
439901,False
440001,False
440002,True
440003,True
440101,True
440102,True
440201,True
440301,False
440302,False
440401,False
440501,True
440701,True
440801,True
440901,False
441001,False
441101,False
441301,False
441501,False
441601,True
442201,True
442202,True
442401,False
442601,True
442701,False
442702,False
442801,True
442901,False
443001,True
443101,True
443201,True
443301,True
443601,True
443701,True
443801,False
444001,False
444101,True
444102,True
444103,True
444401,False
444501,False
444601,False
444602,False
444603,True
444604,True
444605,False
444701,True
444801,True
444901,True
445001,True
445002,True
445003,True
445004,False
445101,True
445201,True
445301,True
445601,False
445701,False
445901,True
446101,True
446201,False
446301,True
446302,True
446401,False
446501,False
446502,False
446503,False
446601,False
446701,True
446901,True
446902,False
447001,False
447201,False
447202,False
447301,False
447302,False
447401,True
447402,True
447403,True
447501,False
447502,True
447601,False
447701,False
447901,False
448201,True
448202,False
448203,True
448204,True
448205,True
448301,False
448302,False
448501,True
448502,False
448601,True
448701,False
449001,False
449101,False
449201,True
449301,False
449401,True
449601,True
449701,True
449801,True
449802,True
449803,True
449804,False
449805,True
449806,True
449807,False
449808,True
450001,False
450101,True
450201,True
450501,False
450502,False
450601,True
450801,False
450802,False
450803,False
450901,True
450902,True
450903,True
451001,True
451101,True
451102,True
451201,False
451401,True
451501,True
451502,True
451601,False
451701,False
451801,False
452101,False
452201,False
452401,True
452901,False
453001,False
453101,True
453201,True
453301,True
453401,True
453501,False
453502,False
453701,False
453801,False
453901,True
453902,True
454201,True
454202,True
454301,False
454401,True
454601,True
454701,False
454901,False
455001,False
455201,True
455301,False
455501,False
